USER_STORY_ID,Type of user,Task,Goal
US001,"Admin","view a paginated list of users I can see user names and email and type and status and created and last activity","I can review user accounts quickly"
US002,"Admin","search users using a search box I can find users by name and email and type and status and activity","I can quickly locate specific users"
US003,"Admin","filter users by type and status I can narrow the list to relevant users","I can focus on the users I need to manage"
US004,"Admin","select individual users or select all users across pages I can include users from multiple pages in one operation","I can perform bulk actions efficiently"
US005,"Admin","run bulk actions (assign projects, suspend, delete) on selected users I can manage many users at once","I can apply changes at scale"
US006,"Admin","export selected users or all users to CSV I can save or share user lists","I can archive or analyze user data externally"
US007,"Admin","import users from a CSV file via file picker or drag and drop I can bulk add users","I can onboard many users quickly"
US008,"Admin","create a new user using a modal form with validation I can add accounts","I can populate the system with correct user data"
US009,"Admin","perform row actions (edit, delete, view) on a user I can manage individual users directly from the list","I can update or inspect a user quickly"
US010,"Admin","have a delete confirmation modal for single and bulk deletes I can confirm destructive actions","accidental deletions are prevented"
US011,"Admin","manually refresh the users list and load sample data on API failure I can re-sync or see fallback data","the UI remains usable when the API is unavailable"
US012,"Admin","reset the table to the first page when search or filters change I do not remain on an out-of-range page","I always see the first matching results"
US013,"Admin","clear drag/drop UX and invalid file handling in the import modal I know whether a dropped file will be accepted","I can avoid upload errors"
US014,"Admin","generate avatar placeholders from user name initials users without images have identifiable visuals","rows remain visually identifiable"
US015,"any user","keyboard and screen reader accessibility on the page I can use the UI with assistive technology","the system is usable by people with disabilities"
